{
	"class": "module-position",
	"rows": [
		{
			"cols": [
				{
					"class": "col-12 separator-after",
					"controls": {
						"name": {
							"type": "text",
							"hint":"layout-module-position-name-hint",
							"label": "name"
						}
					}
				},
				{
					"class": "col-12 separator-after",
					"controls": {
						"module-position": {
							"type": "module-position",
							"hint":"layout-module-position-position-hint",
							"label": "module-position"
						}
					}
				},
				{
					"class": "col-12 separator-after display-in-layout",
					"controls": {
						"visible_in": {
							"type": "checkbox",
							"hint":"layout-module-position-display-in-layout-hint",
							"check-none": false,
							"label": "display-in-layout",
							"options": [
								{ "value": "lg", "label": "desktop" },
								{ "value": "md", "label": "laptop" },
								{ "value": "sm", "label": "tablet" },
								{ "value": "xs", "label": "smartphone" }
							],
							"default": [ "lg", "md", "sm", "xs" ]
						}
					}
				},
				{
					"class": "col-12",
					"controls": {
						"class": {
							"type": "text",
							"hint":"layout-module-position-custom-classes-hint",
							"label": "custom-classes"
						}
					}
				}
			]
		}
	]
}