{"appliedStyle":"Green_Color","currentGroup":"sections","general":{"heading":{"headings-color":"#353535","headings-font-type":"google","headings-standard-font-family":"","headings-google-font-family":{"family":"Lato:300,regular,700","variant":"normal"},"headings-font-weight":"","headings-font-style":"","headings-text-transform":"","headings-text-shadow":"","headings-base-size":"11","headings-line-height":1.4,"headings-letter-spacing":0},"content":{"text-color":"#353535","content-font-type":"google","content-standard-font-family":"","content-google-font-family":{"family":"Lato:300,regular,700,900","variant":"normal"},"font-weight":"","font-size-base":"13","line-height-base":"1.6"},"color":{"main-color":"#68aa71","sub-color":""},"primary-button":{"btn-primary-bg":"#68aa71","btn-primary-border-all":{"universal":"1","width":"","style":"none","color":"","top-width":"","top-style":"","top-color":"","right-width":"","right-style":"","right-color":"","bottom-width":"","bottom-style":"","bottom-color":"","left-width":"","left-style":"","left-color":""},"btn-primary-box-shadow":"","btn-primary-color":"","btn-primary-text-shadow":"","btn-primary-bg-hover":"#353535 ","btn-primary-border-hover":"","btn-primary-color-hover":""},"link":{"link-color":"#353535","link-hover-color":"#68aa71"},"page":{"outer-background-color":"","outer-background-image":"","outer-background-image-settings":""},"default-button":{"btn-default-padding":"","btn-default-bg":"","btn-default-border-all":"","btn-default-radius":"","btn-default-box-shadow":"","btn-default-color":"","btn-default-font-weight":"400","btn-default-font-style":"","btn-default-text-transform":"","btn-default-text-shadow":"","btn-default-base-size":"18","btn-default-letter-spacing":0,"btn-default-bg-hover":"","btn-default-border-hover":"","btn-default-color-hover":""}},"sections":{"section_header":{"container":{"background-color":"#68aa71","background-image":"","background-image-settings":"","border":""}},"section_content-top":{"container":{"background-color":"#ededed","background-image":"","background-image-settings":"","border":""}},"section_content-top-below":{"container":{"background-color":"","background-image":"images/joomlashine/sample/pattern.png","background-image-settings":"","border":""}},"section_content-top-full":{"container":{"background-color":"#ededed","background-image":"","background-image-settings":"","border":""}},"section_content-bottom":{"container":{"background-color":"#ededed","background-image":"","background-image-settings":"","border":""}},"section_bottom":{"container":{"background-color":"#68aa71","background-image":"","background-image-settings":"","border":""}},"section_footer":{"container":{"background-color":"#353533","background-image":"","background-image-settings":"","border":""},"content":{"custom":"1","color":"#a3a3a3","font-size-base":"","line-height":""},"heading":{"custom":"1","headings-color":"#fff","headings-text-transform":"uppercase","headings-text-shadow":"","headings-base-size":"","headings-line-height":"","headings-letter-spacing":""},"link":{"custom":"1","link-color":"#a3a3a3","link-color-hover":"#68aa71"}},"section_copyright":{"container":{"background-color":"#2e2e2c ","background-image":"","background-image-settings":"","border":""},"content":{"custom":"1","color":"#7d7d7d","font-size-base":"12","line-height":""},"link":{"custom":"1","link-color":"#68aa71","link-color-hover":""}},"section_topbar":{"container":{"background-color":"#353533","background-image":"","background-image-settings":"","border":""}}},"module":{"module-style-1":{"container":{"padding":"","background-color":"#68aa71","background-image":"","background-image-settings":"","border":""},"title":{"bg-color":"","text-color":"#fff","text-transform":"uppercase","font-size":"18","text-icon-size":"","text-icon-color":"#fff"},"content":{"color":"#fff","font-size":""},"link":{"link-color":"#fff","link-hover-color":""}},"module-style-2":{"title":{"bg-color":"","text-color":"#68aa71","text-transform":"uppercase","font-size":"18","text-icon-size":"","text-icon-color":"#68aa71"}},"module-style-3":{"title":{"bg-color":"#f5f5f5","text-color":"","text-transform":"uppercase","font-size":"18","text-icon-size":"","text-icon-color":""}},"module-style-4":{"title":{"bg-color":"#353535","text-color":"#fff","text-transform":"uppercase","font-size":"18","text-icon-size":"","text-icon-color":""}}},"menu":{"item_menu":{"root":{"font-size":"14","text-transform":"","background-color":"","color":"#fff","background-color-hover":"#46814e","link-color-hover":""},"dropdown":{"font-size":"13","text-transform":"","width-dropdown":"","background-color":"#fff","color":"#979797","background-color-hover":"#f0f0f0","link-color-hover":""}},"item_top-menu":{"root":{"font-size":"13","text-transform":"","background-color":"","color":"#979797","background-color-hover":"","link-color-hover":"#68aa71"}}},"group":"menu","editing":"item_menu::root"}