{"appliedStyle":"Red_Color","currentGroup":"sections","general":{"heading":{"headings-color":"#353535","headings-font-type":"google","headings-standard-font-family":"","headings-google-font-family":{"family":"Lato:300,regular,700","variant":"normal"},"headings-font-weight":"","headings-font-style":"","headings-text-transform":"","headings-text-shadow":"","headings-base-size":"11","headings-line-height":1.4,"headings-letter-spacing":0},"content":{"text-color":"#353535","content-font-type":"google","content-standard-font-family":"","content-google-font-family":{"family":"Lato:300,regular,700,900","variant":"normal"},"font-weight":"","font-size-base":"14","line-height-base":"1.6","color":"#000","content-custom-font-file":""},"color":{"main-color":"#f45245","sub-color":""},"primary-button":{"btn-primary-bg":"main","btn-primary-border-all":{"universal":"1","width":"","style":"none","color":"sub","top-width":"","top-style":"","top-color":"sub","right-width":"","right-style":"","right-color":"sub","bottom-width":"","bottom-style":"","bottom-color":"sub","left-width":"","left-style":"","left-color":"sub"},"btn-primary-box-shadow":"","btn-primary-color":"sub","btn-primary-text-shadow":"","btn-primary-bg-hover":"#353535 ","btn-primary-border-hover":"","btn-primary-color-hover":"sub"},"link":{"link-color":"#353535","link-hover-color":"main"},"page":{"outer-background-color":"sub","outer-background-image":"","outer-background-image-settings":""},"default-button":{"btn-default-padding":"","btn-default-bg":"sub","btn-default-border-all":"","btn-default-radius":"","btn-default-box-shadow":"","btn-default-color":"sub","btn-default-font-weight":"400","btn-default-font-style":"","btn-default-text-transform":"","btn-default-text-shadow":"","btn-default-base-size":"14","btn-default-letter-spacing":0,"btn-default-bg-hover":"sub","btn-default-border-hover":"","btn-default-color-hover":"sub"}},"sections":{"section_header":{"container":{"background-color":"main","background-image":"","background-image-settings":"","border":""}},"section_content-top":{"container":{"background-color":"#ededed","background-image":"","background-image-settings":"","border":""}},"section_content-top-below":{"container":{"background-color":"sub","background-image":"images/joomlashine/sample/pattern.png","background-image-settings":"","border":""}},"section_content-top-full":{"container":{"background-color":"#ededed","background-image":"","background-image-settings":"","border":""}},"section_content-bottom":{"container":{"background-color":"#ededed","background-image":"","background-image-settings":"","border":""}},"section_bottom":{"container":{"background-color":"main","background-image":"","background-image-settings":"","border":""}},"section_footer":{"container":{"background-color":"#353533","background-image":"","background-image-settings":"","border":""},"content":{"custom":"1","color":"#a3a3a3","font-size-base":"","line-height":""},"heading":{"custom":"1","headings-color":"#fff","headings-text-transform":"uppercase","headings-text-shadow":"","headings-base-size":"","headings-line-height":"","headings-letter-spacing":""},"link":{"custom":"1","link-color":"#a3a3a3","link-color-hover":"main"}},"section_copyright":{"container":{"background-color":"#2e2e2c ","background-image":"","background-image-settings":"","border":""},"content":{"custom":"1","color":"#7d7d7d","font-size-base":"12","line-height":""},"link":{"custom":"1","link-color":"main","link-color-hover":"sub"}},"section_topbar":{"container":{"background-color":"#353533","background-image":"","background-image-settings":"","border":""}},"section_content-bottom-over":{"container":{"background-color":"sub","background-image":"images/joomlashine/placeholder/bg_blogpost.jpg","background-image-settings":{"repeat":"repeat","size":"cover","attachment":"fixed","position":"center center"},"border":""}}},"module":{"module-style-1":{"container":{"padding":"","background-color":"main","background-image":"","background-image-settings":"","border":""},"title":{"bg-color":"sub","text-color":"#fff","text-transform":"uppercase","font-size":"18","text-icon-size":"","text-icon-color":"#fff"},"content":{"color":"#fff","font-size":""},"link":{"link-color":"#fff","link-hover-color":"sub"}},"module-style-2":{"title":{"bg-color":"sub","text-color":"#000","text-transform":"uppercase","font-size":"18","text-icon-size":"","text-icon-color":"main"},"container":{"padding":"","background-color":"#f6f6f6","background-image":"","background-image-settings":"","border":""}},"module-style-3":{"title":{"bg-color":"#f5f5f5","text-color":"sub","text-transform":"uppercase","font-size":"18","text-icon-size":"","text-icon-color":"sub"}},"module-style-4":{"title":{"bg-color":"#353535","text-color":"#fff","text-transform":"uppercase","font-size":"18","text-icon-size":"","text-icon-color":"sub"},"container":{"padding":"","background-color":"#f6f6f6","background-image":"","background-image-settings":"","border":""}}},"menu":{"item_menu":{"root":{"font-size":"14","text-transform":"","background-color":"sub","color":"#fff","background-color-hover":"#e54e42","link-color-hover":"sub"},"dropdown":{"font-size":"13","text-transform":"","width-dropdown":"","background-color":"#fff","color":"#979797","background-color-hover":"#f0f0f0","link-color-hover":"sub"}},"item_top-menu":{"root":{"font-size":"13","text-transform":"","background-color":"sub","color":"#979797","background-color-hover":"sub","link-color-hover":"main"}}},"group":"general","editing":"page"}