{"appliedLayout":"","currentScreen":"lg","settings":{"enable_responsive":1,"show_desktop_switcher":null,"enable_boxed_layout":null,"width_boxed_layout":960,"margin":"","go_to_top":null,"icon_go_to_top":"fa fa-arrow-up","text_go_to_top":"Go to top","color_go_to_top":"sub","bg_go_to_top":"sub","ps_go_to_top":""},"sections":{"0":{"id":"section_topbar","label":"Topbar","settings":{"name":"Topbar","identification_code":"item_706720671382","full_width":null,"enable_sticky":0,"margin":"","padding":"","class":"","disabled":true},"rows":[0]},"1":{"id":"section_header","label":"Header","settings":{"name":"Header","identification_code":"item_565393081010","full_width":null,"enable_sticky":null,"margin":"","padding":"","class":"","disabled":true},"rows":[1]},"2":{"id":"section_promo-full","label":"Promo Full","settings":{"name":"Promo Full","identification_code":"item_1326045247366","full_width":"1","enable_sticky":0,"margin":"","padding":"","class":"","disabled":true},"rows":[2]},"3":{"id":"section_content","label":"Content","settings":{"name":"Content","identification_code":"item_59191247365","full_width":null,"enable_sticky":0,"margin":"","padding":"","class":""},"rows":[3]},"5":{"id":"section_footer","label":"Footer","settings":{"name":"Footer","identification_code":"item_1327201941045","full_width":null,"enable_sticky":0,"margin":"","padding":{"top":"60","bottom":"","left":"","right":""},"class":"","disabled":true},"rows":[5]},"6":{"id":"section_copyright","label":"Copyright","settings":{"name":"Copyright","identification_code":"item_611202242813","full_width":null,"enable_sticky":0,"margin":"","padding":"","class":"","disabled":true},"rows":[6]},"7":{"id":"section_promo","label":"Promo","settings":{"name":"Promo","identification_code":"item_1206330290134","full_width":null,"enable_sticky":0,"margin":"","padding":"","class":"","disabled":true},"rows":[7]},"8":{"id":"section_content-top","label":"Content top","settings":{"name":"Content top","identification_code":"item_364464358856","full_width":null,"enable_sticky":0,"margin":"","padding":"","class":"","disabled":true},"rows":[8]},"9":{"id":"section_content-top-below","label":"Content top below","settings":{"name":"Content top below","identification_code":"item_813299589666","full_width":null,"enable_sticky":0,"margin":{"top":"","bottom":"120","left":"","right":""},"padding":"","class":"","disabled":true},"rows":[9]},"10":{"id":"section_content-top-full","settings":{"name":"Content top full","identification_code":"item_267447332228","full_width":1,"enable_sticky":0,"margin":"","padding":{"top":"","bottom":"60","left":"","right":""},"class":"","disabled":true},"rows":[10],"label":"Content top full"},"11":{"id":"section_content-bottom-over","settings":{"name":"Content bottom over","identification_code":"item_554335220695","full_width":1,"enable_sticky":0,"margin":"","padding":"","class":"","disabled":true},"rows":[11],"label":"Content bottom over"},"12":{"id":"section_content-bottom","settings":{"name":"Content bottom","identification_code":"item_1070061937135","full_width":null,"enable_sticky":0,"margin":"","padding":"","class":"","disabled":true},"rows":[12],"label":"Content bottom"},"13":{"id":"section_content-bottom-below","settings":{"name":"Content bottom below","identification_code":"item_459598573729","full_width":null,"enable_sticky":0,"margin":"","padding":"","class":"","disabled":true},"rows":[13],"label":"Content bottom below"}},"rows":{"0":{"id":"row_row-0","label":"Row #0","settings":[],"columns":[24,23]},"1":{"id":"row_row-1","label":"Row #1","settings":{"name":"Row #1","identification_code":"item_254920432092","margin":"","padding":"","class":"flex flex-items-middle"},"columns":[1,2]},"2":{"id":"row_row-2","label":"Row #2","settings":[],"columns":[3]},"3":{"id":"row_row-3","label":"Row #3","settings":{"name":"Row #3","identification_code":"item_335695301696","margin":"","padding":{"top":"20","bottom":"20","left":"","right":""},"class":""},"columns":[20,4,21]},"5":{"id":"row_row-5","label":"Row #5","settings":[],"columns":[6,7,8,9]},"6":{"id":"row_row-6","label":"Row #6","settings":{"name":"Row #6","identification_code":"item_1017756000018","margin":{"top":"30","bottom":"25","left":"","right":""},"padding":"","class":""},"columns":[10,25]},"7":{"id":"row_row-7","label":"Row #7","settings":[],"columns":[12]},"8":{"id":"row_row-8","label":"Row #8","settings":[],"columns":[13]},"9":{"id":"row_row-9","label":"Row #9","settings":[],"columns":[14]},"10":{"id":"row_row-10","settings":{"name":"Row #10"},"columns":[15]},"11":{"id":"row_row-11","settings":{"name":"Row #11"},"columns":[16]},"12":{"id":"row_row-12","settings":{"name":"Row #12"},"columns":[17]},"13":{"id":"row_row-13","settings":{"name":"Row #13"},"columns":[18]}},"columns":{"1":{"id":"column_column-1","label":"Column #1","settings":{"name":"Column #1","identification_code":"item_618766790001","margin":"","padding":"","visible_in":["lg","md","sm","xs"],"class":""},"items":[1],"width":{"sm":3,"md":3,"lg":3,"xs":12}},"2":{"id":"column_column-2","label":"Column #2","settings":{"name":"Column #2","identification_code":"item_44184414538","margin":"","padding":{"top":"","bottom":"","left":"","right":"45"},"visible_in":["lg","md","sm","xs"],"class":"col-menu"},"items":[2,11],"width":{"sm":9,"md":9,"lg":9,"xs":12}},"3":{"id":"column_column-3","label":"Column #3","settings":[],"items":[3]},"4":{"id":"column_column-4","label":"Column #4","settings":[],"items":[4],"width":{"sm":4,"md":4,"lg":6,"xs":12}},"6":{"id":"column_column-6","label":"Column #6","settings":[],"items":[6],"width":{"sm":3,"md":3,"lg":3,"xs":12}},"7":{"id":"column_column-7","label":"Column #7","settings":[],"items":[7],"width":{"sm":3,"md":3,"lg":3,"xs":12}},"8":{"id":"column_column-8","label":"Column #8","settings":[],"items":[8],"width":{"sm":3,"md":3,"lg":3,"xs":12}},"9":{"id":"column_column-9","label":"Column #9","settings":[],"items":[9,19],"width":{"sm":3,"md":3,"lg":3,"xs":12}},"10":{"id":"column_column-10","label":"Column #10","settings":{"name":"Column #10","identification_code":"item_1016106447814","margin":{"top":"5","bottom":"","left":"","right":""},"padding":"","visible_in":["lg","md","sm","xs"],"class":""},"items":[10],"width":{"sm":6,"md":6,"lg":6,"xs":12}},"12":{"id":"column_column-12","label":"Column #12","settings":[],"items":[12]},"13":{"id":"column_column-13","label":"Column #13","settings":[],"items":[13]},"14":{"id":"column_column-14","label":"Column #14","settings":[],"items":[14]},"15":{"id":"column_column-15","width":{"lg":12},"settings":{"name":"Column #15"},"items":[15]},"16":{"id":"column_column-16","width":{"lg":12},"settings":{"name":"Column #16"},"items":[16]},"17":{"id":"column_column-17","width":{"lg":12},"settings":{"name":"Column #17"},"items":[17]},"18":{"id":"column_column-18","width":{"lg":12},"settings":{"name":"Column #18"},"items":[18]},"20":{"id":"column_column-20","settings":{"name":"Column #20"},"items":[21],"width":{"sm":4,"md":4,"lg":3,"xs":12}},"21":{"id":"column_column-21","settings":{"name":"Column #21"},"items":[22],"width":{"sm":4,"md":4,"lg":3,"xs":12}},"23":{"id":"column_column-23","settings":{"name":"Column #23"},"items":[25],"width":{"sm":6,"md":6,"lg":6,"xs":12}},"24":{"id":"column_column-24","settings":{"name":"Column #24"},"items":[26],"width":{"sm":6,"md":6,"lg":6,"xs":12}},"25":{"id":"column_column-25","settings":{"name":"Column #25"},"items":[27],"width":{"sm":6,"md":6,"lg":6,"xs":12}}},"items":{"1":{"id":"item_logo","type":"logo","label":"Logo","settings":{"name":"Logo","identification_code":"item_339162955512","logo":"images/joomlashine/sample/logo.png","mobile-logo":"","alt":"","link":"","visible_in":["lg","md","sm","xs"],"class":""}},"2":{"id":"item_menu","type":"menu","label":"Menu","settings":{"name":"Menu","identification_code":"item_1433771544759","menu-type":"mainmenu","menu-item":"","menu-start-level":"1","menu-end-level":"0","menu-show-icon":null,"menu-show-description":null,"menu-show-submenu":"1","menu-sub-effect":"1","menu-mobile-target":1,"visible_in":["lg","md","sm","xs"],"class":"pull-right main-menu"}},"3":{"id":"item_position-promo-full","type":"module-position","label":"Module Position","settings":{"name":"Position: Promo-full","identification_code":"item_1233638704174","module-position":"promo-full","visible_in":["lg","md","sm","xs"],"class":""}},"4":{"id":"item_main-body","type":"page-content","label":"Main Body","settings":{"name":"Main Body","identification_code":"item_334107885154","show_on_front_page":"1"}},"6":{"id":"item_module-about-us","type":"joomla-module","label":"Module","settings":{"name":"Module: About Us","identification_code":"item_687176895072","module":"About Us:525","visible_in":["lg","md","sm","xs"],"class":""}},"7":{"id":"item_module-recent-posts","type":"joomla-module","label":"Module","settings":{"name":"Module: Recent Posts","identification_code":"item_1466942201344","module":"Recent posts:527","visible_in":["lg","md","sm","xs"],"class":""}},"8":{"id":"item_module-instagram","type":"joomla-module","label":"Module","settings":{"name":"Module: Instagram","identification_code":"item_1052523962749","module":"Instagram:528","visible_in":["lg","md","sm","xs"],"class":""}},"9":{"id":"item_module-newsletter","type":"joomla-module","label":"Module","settings":{"name":"Module: Newsletter","identification_code":"item_1151453131457","module":"Newsletter:454","visible_in":["lg","md","sm","xs"],"class":""}},"10":{"id":"item_custom-html","type":"custom-html","label":"Custom HTML","settings":{"name":"Custom HTML","identification_code":"item_517147298570","html":"<div style=\"text-transform: uppercase;\">Copyright © 2016 - 2018 <a href=\"http://www.joomlashine.com\">Joomlashine.com</a>. All rights reserved</div>","visible_in":["lg","md","sm","xs"],"class":""}},"11":{"id":"item_position-toolbar","type":"module-position","label":"Module Position","settings":{"name":"Position: Toolbar","identification_code":"item_1071792557589","module-position":"toolbar","visible_in":["lg","md","sm","xs"],"class":"ferado-toolbar","disabled":false}},"12":{"id":"item_position-promo","type":"module-position","label":"Module Position","settings":{"name":"Position: Promo","identification_code":"item_1345986467674","module-position":"promo","visible_in":["lg","md","sm","xs"],"class":""}},"13":{"id":"item_position-content-top","type":"module-position","label":"Module Position","settings":{"name":"Position: Content-top","identification_code":"item_243766411143","module-position":"content-top","visible_in":["lg","md","sm","xs"],"class":""}},"14":{"id":"item_module-position","type":"module-position","label":"Module Position","settings":{"name":"Position: Content-top-below","identification_code":"item_77497134586","module-position":"content-top-below","visible_in":["lg","md","sm","xs"],"class":""}},"15":{"id":"item_position-content-top-full","type":"module-position","settings":{"name":"Position: Content-top-full","identification_code":"item_935113526030","module-position":"content-top-full","visible_in":["lg","md","sm","xs"],"class":""}},"16":{"id":"item_position-content-bottom-over","type":"module-position","settings":{"name":"Position: Content-bottom-over","identification_code":"item_828648227581","module-position":"content-bottom-over","visible_in":["lg","md","sm","xs"],"class":""}},"17":{"id":"item_position-content-bottom","type":"module-position","settings":{"name":"Position: Content-bottom","identification_code":"item_962556951089","module-position":"content-bottom","visible_in":["lg","md","sm","xs"],"class":""}},"18":{"id":"item_position-content-bottom-below","type":"module-position","settings":{"name":"Position: Content-bottom-below","identification_code":"item_977353343944","module-position":"content-bottom-below","visible_in":["lg","md","sm","xs"],"class":""}},"19":{"id":"item_module-my-shop","type":"joomla-module","settings":{"name":"Module: My Shop","identification_code":"item_1212925097858","module":"My Shop:548","visible_in":["lg","md","sm","xs"],"class":""}},"21":{"id":"item_position-left","type":"module-position","settings":{"name":"Position: Left","identification_code":"item_349998018097","module-position":"left","visible_in":["lg","md","sm","xs"],"class":""}},"22":{"id":"item_position-right","type":"module-position","settings":{"name":"Position: Right","identification_code":"item_220212364227","module-position":"right","visible_in":["lg","md","sm","xs"],"class":""}},"25":{"id":"item_top-menu","type":"menu","settings":{"name":"Top Menu","identification_code":"item_1145029799286","menu-type":"topmenu","menu-item":"","menu-start-level":"1","menu-end-level":"0","menu-show-icon":1,"menu-show-description":null,"menu-show-submenu":0,"menu-sub-effect":"1","menu-mobile-target":null,"visible_in":["lg","md","sm","xs"],"class":"pull-right top-menu"}},"26":{"id":"item_position-topbar","type":"module-position","settings":{"name":"Position: Topbar","identification_code":"item_848488331753","module-position":"topbar","visible_in":["lg","md","sm","xs"],"class":""}},"27":{"id":"item_social-icons","type":"social-icon","settings":{"name":"Social Icons","identification_code":"item_228337875143","items":[{"icon":"fa fa-facebook","text":"Facebook","title":"","link":""},{"icon":"fa fa-twitter","text":"Twitter","title":"","link":""},{"icon":"fa fa-youtube","text":"YouTube","title":"","link":""},{"icon":"fa fa-google-plus","text":"Google+","title":"","link":""},{"icon":"fa fa-pinterest-p","text":"Pinterest","title":"","link":""}],"color":"#ffffff","size":14,"target":"","visible_in":["lg","md","sm","xs"],"class":"pull-right"}}},"views":{"main":{"sections":[0,1,2,7,8,9,10,3,11,12,13,5,6]},"top":{"rows":[],"settings":{"show-toggle":1,"anchor-position":"center"}},"right":{"rows":[],"settings":{"show-toggle":1,"anchor-position":"middle"}},"bottom":{"rows":[],"settings":{"show-toggle":1,"anchor-position":"center"}},"left":{"rows":[],"settings":{"show-toggle":1,"anchor-position":"middle"}}},"screen":"md","editing":""}