{"appliedLayout":"default","currentScreen":"lg","settings":{"enable_responsive":1,"show_desktop_switcher":1,"enable_boxed_layout":null,"width_boxed_layout":960,"margin":"","go_to_top":"1","icon_go_to_top":"fa fa-arrow-up","text_go_to_top":"Go to top","color_go_to_top":"#ffffff","bg_go_to_top":"rgba(113, 127, 142, 0.5)","ps_go_to_top":"center"},"sections":{"0":{"id":"section_topbar","label":"Topbar","settings":{"name":"Topbar","identification_code":"item_706720671382","full_width":null,"enable_sticky":0,"margin":"","padding":"","class":""},"rows":[0]},"1":{"id":"section_header","label":"Header","settings":{"name":"Header","identification_code":"item_565393081010","full_width":null,"enable_sticky":null,"margin":"","padding":"","class":""},"rows":[1]},"2":{"id":"section_promo-full","label":"Promo Full","settings":{"name":"Promo Full","identification_code":"item_1326045247366","full_width":"1","enable_sticky":0,"margin":"","padding":"","class":"","disabled":false},"rows":[2]},"3":{"id":"section_content","label":"Content","settings":{"name":"Content","identification_code":"item_59191247365","full_width":null,"enable_sticky":0,"margin":"","padding":{"top":"40","left":"","right":"","bottom":"0"},"class":""},"rows":[3]},"5":{"id":"section_footer","label":"Footer","settings":{"name":"Footer","identification_code":"item_1327201941045","full_width":null,"enable_sticky":0,"margin":"","padding":{"top":"50","bottom":"0","left":"","right":""},"class":"footer","disabled":false},"rows":[5]},"6":{"id":"section_copyright","label":"Copyright","settings":{"name":"Copyright","identification_code":"item_611202242813","full_width":null,"enable_sticky":0,"margin":"","padding":"","class":"","disabled":false},"rows":[6]},"7":{"id":"section_promo","label":"Promo","settings":{"name":"Promo","identification_code":"item_1206330290134","full_width":null,"enable_sticky":0,"margin":{"top":"30","left":"","right":"","bottom":""},"padding":"","class":""},"rows":[7]},"8":{"id":"section_content-top","label":"Content top","settings":{"name":"Content top","identification_code":"item_364464358856","full_width":"1","enable_sticky":0,"margin":"","padding":"","class":""},"rows":[8]},"9":{"id":"section_content-top-below","label":"Content top below","settings":{"name":"Content top below","identification_code":"item_813299589666","full_width":"1","enable_sticky":0,"margin":"","padding":"","class":""},"rows":[9]},"10":{"id":"section_content-top-full","settings":{"name":"Content top full","identification_code":"item_267447332228","full_width":null,"enable_sticky":0,"margin":"","padding":"","class":""},"rows":[10],"label":"Content top full"},"12":{"id":"section_content-bottom","settings":{"name":"Content bottom","identification_code":"item_1070061937135","full_width":null,"enable_sticky":0,"margin":"","padding":"","class":""},"rows":[12],"label":"Content bottom"},"13":{"id":"section_content-bottom-below","settings":{"name":"Content bottom below","identification_code":"item_459598573729","full_width":"1","enable_sticky":0,"margin":"","padding":"","class":""},"rows":[13],"label":"Content bottom below"},"14":{"id":"section_demo-builder-button","settings":{"name":"Demo Builder Button","identification_code":"item_1276654214763","full_width":1,"enable_sticky":0,"margin":"","padding":"","class":""},"rows":[14],"label":"Demo Builder Button"},"15":{"id":"section_content-top-over","settings":{"name":"Content Top Over","identification_code":"item_313118223784","full_width":"1","enable_sticky":0,"margin":"","padding":"","class":""},"rows":[16],"label":"Content Top Over"},"16":{"id":"section_footer-newsletter","settings":{"name":"Footer Newsletter","identification_code":"item_D8r0ty05","full_width":"1","enable_sticky":0,"margin":"","padding":{"top":"50","left":"","right":"","bottom":"50"},"class":""},"rows":[17],"label":"Footer Newsletter"}},"rows":{"0":{"id":"row_row-0","label":"Row #0","settings":{"name":"Row #0","identification_code":"item_271045886253","margin":"","padding":"","class":"flex flex-items-middle"},"columns":[24,23]},"1":{"id":"row_row-1","label":"Row #1","settings":{"name":"Row #1","identification_code":"item_254920432092","margin":"","padding":"","class":"flex flex-items-middle"},"columns":[1,2]},"2":{"id":"row_row-2","label":"Row #2","settings":[],"columns":[3]},"3":{"id":"row_row-3","label":"Row #3","settings":{"name":"Row #3","identification_code":"item_335695301696","margin":"","padding":{"top":"","left":"","right":"","bottom":"30"},"class":""},"columns":[20,26,4,27,21]},"5":{"id":"row_row-5","label":"Row #5","settings":{"class":"footer-mid","name":"Row #5","identification_code":"item_Zsvu79gS","margin":"","padding":""},"columns":[6,7,8,9]},"6":{"id":"row_row-6","label":"Row #6","settings":{"name":"Row #6","identification_code":"item_1017756000018","margin":{"top":"30","bottom":"25","left":"","right":""},"padding":"","class":"copyright"},"columns":[10,25]},"7":{"id":"row_row-7","label":"Row #7","settings":[],"columns":[12]},"8":{"id":"row_row-8","label":"Row #8","settings":[],"columns":[13]},"9":{"id":"row_row-9","label":"Row #9","settings":[],"columns":[14]},"10":{"id":"row_row-10","settings":{"name":"Row #10"},"columns":[15]},"12":{"id":"row_row-12","settings":{"name":"Row #12"},"columns":[17]},"13":{"id":"row_row-13","settings":{"name":"Row #13"},"columns":[18]},"14":{"id":"row_row-14","settings":{"name":"Row #14"},"columns":[28]},"16":{"id":"row_row-16","settings":{"name":"Row #16"},"columns":[30]},"17":{"id":"row_row-17","settings":{"name":"Row #17"},"columns":[31]}},"columns":{"1":{"id":"column_column-1","label":"Column #1","settings":{"name":"Column #1","identification_code":"item_618766790001","margin":"","padding":"","visible_in":["lg","md","sm","xs"],"class":""},"items":[1],"width":{"sm":2,"md":3,"lg":3,"xs":12}},"2":{"id":"column_column-2","label":"Column #2","settings":{"name":"Column #2","identification_code":"item_44184414538","margin":"","padding":"","visible_in":["lg","md","sm","xs"],"class":"col-menu"},"items":[2],"width":{"sm":10,"md":9,"lg":9,"xs":12}},"3":{"id":"column_column-3","label":"Column #3","settings":[],"items":[3],"width":{"lg":12,"md":12,"sm":12,"xs":12}},"4":{"id":"column_column-4","label":"Column #4","settings":[],"items":[4],"width":{"sm":2,"md":2,"lg":2,"xs":12}},"6":{"id":"column_column-6","label":"Column #6","settings":{"margin":"","padding":"","visible_in":["lg","md","sm","xs"],"class":"","name":"Column #6","identification_code":"item_fA8xYcQB"},"items":[34,6],"width":{"sm":3,"md":4,"lg":4,"xs":12}},"7":{"id":"column_column-7","label":"Column #7","settings":{"margin":"","padding":"","visible_in":["lg","md","sm","xs"],"class":"","name":"Column #7","identification_code":"item_187253303540"},"items":[7],"width":{"sm":3,"md":3,"lg":3,"xs":12}},"8":{"id":"column_column-8","label":"Column #8","settings":{"margin":"","padding":"","visible_in":["lg","md","sm","xs"],"class":"feature-box","name":"Column #8","identification_code":"item_442346908444"},"items":[8],"width":{"sm":3,"md":2,"lg":2,"xs":12}},"9":{"id":"column_column-9","label":"Column #9","settings":[],"items":[19],"width":{"sm":3,"md":3,"lg":3,"xs":12}},"10":{"id":"column_column-10","label":"Column #10","settings":{"name":"Column #10","identification_code":"item_1016106447814","margin":{"top":"5","bottom":"","left":"","right":""},"padding":"","visible_in":["lg","md","sm","xs"],"class":""},"items":[10],"width":{"sm":6,"md":6,"lg":6,"xs":12}},"12":{"id":"column_column-12","label":"Column #12","settings":[],"items":[12],"width":{"lg":12,"md":12,"sm":12,"xs":12}},"13":{"id":"column_column-13","label":"Column #13","settings":[],"items":[13],"width":{"lg":12,"md":12,"sm":12,"xs":12}},"14":{"id":"column_column-14","label":"Column #14","settings":[],"items":[14],"width":{"lg":12,"md":12,"sm":12,"xs":12}},"15":{"id":"column_column-15","width":{"lg":12,"md":12,"sm":12,"xs":12},"settings":{"name":"Column #15"},"items":[15]},"17":{"id":"column_column-17","width":{"lg":12,"md":12,"sm":12,"xs":12},"settings":{"name":"Column #17"},"items":[17]},"18":{"id":"column_column-18","width":{"lg":12,"md":12,"sm":12,"xs":12},"settings":{"name":"Column #18"},"items":[18]},"20":{"id":"column_column-20","settings":{"name":"Column #20"},"items":[21],"width":{"sm":3,"md":3,"lg":3,"xs":12}},"21":{"id":"column_column-21","settings":{"name":"Column #21"},"items":[22],"width":{"sm":3,"md":3,"lg":3,"xs":12}},"23":{"id":"column_column-23","settings":{"name":"Column #23","identification_code":"item_1064364378798","margin":"","padding":"","visible_in":["lg","md","sm","xs"],"class":""},"items":[25],"width":{"sm":5,"md":6,"lg":6,"xs":12}},"24":{"id":"column_column-24","settings":{"name":"Column #24","identification_code":"item_408938417662","margin":"","padding":"","visible_in":["lg","md","sm","xs"],"class":""},"items":[26],"width":{"sm":7,"md":6,"lg":6,"xs":12}},"25":{"id":"column_column-25","settings":{"name":"Column #25"},"items":[27],"width":{"sm":6,"md":6,"lg":6,"xs":12}},"26":{"id":"column_column-26","settings":{"name":"Column #26"},"items":[28],"width":{"sm":2,"md":2,"lg":2,"xs":12}},"27":{"id":"column_column-27","settings":{"name":"Column #27"},"items":[29],"width":{"sm":2,"md":2,"lg":2,"xs":12}},"28":{"id":"column_column-28","width":{"lg":12,"md":12,"sm":12,"xs":12},"settings":{"name":"Column #28"},"items":[30]},"30":{"id":"column_column-30","width":{"lg":12},"settings":{"name":"Column #30"},"items":[33]},"31":{"id":"column_column-31","width":{"lg":12},"settings":{"name":"Column #31"},"items":[9]}},"items":{"1":{"id":"item_logo","type":"logo","label":"Logo","settings":{"name":"Logo","identification_code":"item_339162955512","logo":"templates/jsn_ferado2_pro/images/logo/logo.png","mobile-logo":"","alt":"","link":"","visible_in":["lg","md","sm","xs"],"class":""}},"2":{"id":"item_menu","type":"menu","label":"Menu","settings":{"name":"Menu","identification_code":"item_1433771544759","menu-type":"mainmenu","menu-item":"","menu-start-level":"1","menu-end-level":"0","menu-show-icon":null,"menu-show-description":null,"menu-show-submenu":"1","menu-sub-effect":"1","menu-mobile-target":1,"visible_in":["lg","md","sm","xs"],"class":"pull-right main-menu"}},"3":{"id":"item_position-promo-full","type":"module-position","label":"Module Position","settings":{"name":"Position: Promo-full","identification_code":"item_1233638704174","module-position":"promo-full","visible_in":["lg","md","sm","xs"],"class":""}},"4":{"id":"item_main-body","type":"page-content","label":"Main Body","settings":{"name":"Main Body","identification_code":"item_334107885154","show_on_front_page":"1"}},"6":{"id":"item_module-about-us","type":"joomla-module","label":"Module","settings":{"name":"Module: About Us","identification_code":"item_687176895072","module":"About Us:525","visible_in":["lg","md","sm","xs"],"class":""}},"7":{"id":"item_module-pages","type":"joomla-module","label":"Module","settings":{"name":"Module: Pages","identification_code":"item_1466942201344","module":"Pages:577","visible_in":["lg","md","sm","xs"],"class":"","disabled":false}},"8":{"id":"item_module-features","type":"joomla-module","label":"Module","settings":{"name":"Module: Features","identification_code":"item_1052523962749","module":"Features:576","visible_in":["lg","md","sm","xs"],"class":""}},"9":{"id":"item_module-newsletter","type":"joomla-module","label":"Module","settings":{"name":"Module: Newsletter","identification_code":"item_1151453131457","module":"Newsletter:454","visible_in":["lg","md","sm","xs"],"class":"","disabled":false}},"10":{"id":"item_custom-html","type":"custom-html","label":"Custom HTML","settings":{"name":"Custom HTML","identification_code":"item_517147298570","html":"<div style=\"text-transform: uppercase;\">Copyright © 2016 - 2018 <a href=\"http://www.joomlashine.com\">Joomlashine.com</a>. All rights reserved</div>","visible_in":["lg","md","sm","xs"],"class":""}},"12":{"id":"item_position-promo","type":"module-position","label":"Module Position","settings":{"name":"Position: Promo","identification_code":"item_1345986467674","module-position":"promo","visible_in":["lg","md","sm","xs"],"class":""}},"13":{"id":"item_position-content-top","type":"module-position","label":"Module Position","settings":{"name":"Position: Content-top","identification_code":"item_243766411143","module-position":"content-top","visible_in":["lg","md","sm","xs"],"class":""}},"14":{"id":"item_module-position","type":"module-position","label":"Module Position","settings":{"name":"Position: Content-top-below","identification_code":"item_77497134586","module-position":"content-top-below","visible_in":["lg","md","sm","xs"],"class":""}},"15":{"id":"item_position-content-top-full","type":"module-position","settings":{"name":"Position: Content-top-full","identification_code":"item_935113526030","module-position":"content-top-full","visible_in":["lg","md","sm","xs"],"class":""}},"17":{"id":"item_position-content-bottom","type":"module-position","settings":{"name":"Position: Content-bottom","identification_code":"item_962556951089","module-position":"content-bottom","visible_in":["lg","md","sm","xs"],"class":""}},"18":{"id":"item_position-content-bottom-below","type":"module-position","settings":{"name":"Position: Content-bottom-below","identification_code":"item_977353343944","module-position":"content-bottom-below","visible_in":["lg","md","sm","xs"],"class":""}},"19":{"id":"item_module-extension","type":"joomla-module","settings":{"name":"Module: Extension","identification_code":"item_1212925097858","module":"Extensions:605","visible_in":["lg","md","sm","xs"],"class":""}},"21":{"id":"item_position-left","type":"module-position","settings":{"name":"Position: Left","identification_code":"item_349998018097","module-position":"left","visible_in":["lg","md","sm","xs"],"class":""}},"22":{"id":"item_position-right","type":"module-position","settings":{"name":"Position: Right","identification_code":"item_220212364227","module-position":"right","visible_in":["lg","md","sm","xs"],"class":""}},"25":{"id":"item_top-menu","type":"menu","settings":{"name":"Top Menu","identification_code":"item_1145029799286","menu-type":"topmenu","menu-item":"","menu-start-level":"1","menu-end-level":"0","menu-show-icon":1,"menu-show-description":null,"menu-show-submenu":0,"menu-sub-effect":"1","menu-mobile-target":null,"visible_in":["lg","md","sm"],"class":"pull-right top-menu"}},"26":{"id":"item_position-topbar","type":"module-position","settings":{"name":"Position: Topbar","identification_code":"item_848488331753","module-position":"topbar","visible_in":["lg","md","sm","xs"],"class":""}},"27":{"id":"item_social-icons","type":"social-icon","settings":{"name":"Social Icons","identification_code":"item_228337875143","items":[{"icon":"fa fa-facebook","text":"Facebook","title":"","link":""},{"icon":"fa fa-twitter-square","text":"Twitter","title":"","link":""},{"icon":"fa fa-youtube-square","text":"YouTube","title":"","link":""},{"icon":"fa fa-google-plus","text":"Google+","title":"","link":""},{"icon":"fa fa-pinterest","text":"Pinterest","title":"","link":""}],"color":"#ffffff","size":"16","target":"","visible_in":["lg","md","sm","xs"],"class":"pull-right"}},"28":{"id":"item_position-innerleft","type":"module-position","settings":{"name":"Position: Innerleft","identification_code":"item_531811848888","module-position":"innerleft","visible_in":["lg","md","sm","xs"],"class":""}},"29":{"id":"item_position-innerright","type":"module-position","settings":{"name":"Position: Innerright","identification_code":"item_456835540641","module-position":"innerright","visible_in":["lg","md","sm","xs"],"class":""}},"30":{"id":"item_module---demo-builder-button","type":"joomla-module","settings":{"name":"Module - Demo Builder Button","identification_code":"item_465021380494","module":"Demo Builder Button:198","visible_in":["lg","md","sm","xs"],"class":""}},"33":{"id":"item_show-page-heading","type":"module-position","settings":{"name":"Show Page Heading","identification_code":"item_276982407224","module-position":"content-top-over","visible_in":["lg","md","sm","xs"],"class":""}},"34":{"id":"item_logo_1510831703629","type":"logo","settings":{"name":"Logo","identification_code":"item_c5aU5twJ","logo":"images/joomlashine/sample/logo_red.png","mobile-logo":"","alt":"","link":"","visible_in":["lg","md","sm","xs"],"class":""}}},"views":{"main":{"sections":[0,1,15,2,7,8,9,10,3,12,13,16,5,6,14]},"top":{"rows":[],"settings":{"show-toggle":1,"anchor-position":"center"}},"right":{"rows":[],"settings":{"show-toggle":1,"anchor-position":"middle"}},"bottom":{"rows":[],"settings":{"show-toggle":1,"anchor-position":"center"}},"left":{"rows":[],"settings":{"show-toggle":1,"anchor-position":"middle"}}},"screen":"lg","editing":""}