{  
  "appliedStyle":"",
  "general":{  
    "page":{  
      "outer-background-color":"",
      "outer-background-image":"",
      "outer-background-image-settings":""
    },
    "color":{  
      "main-color":"#E70200",
      "sub-color":"#F86201"
    },
    "heading":{  
      "headings-color":"#000",
      "headings-font-type":"standard",
      "headings-standard-font-family":"",
      "headings-google-font-family":"",
      "headings-custom-font-file":"",
      "headings-font-weight":"",
      "headings-font-style":"",
      "headings-text-transform":"",
      "headings-text-shadow":"",
      "headings-base-size":12,
      "headings-line-height":1.4,
      "headings-letter-spacing":0
    },
    "content":{  
      "color":"#000",
      "content-font-type":"standard",
      "content-standard-font-family":"",
      "content-google-font-family":"",
      "content-custom-font-file":"",
      "font-weight":"",
      "font-size-base":14,
      "line-height-base":1.4
    },
    "default-button":{  
      "btn-default-padding":"",
      "btn-default-bg":"",
      "btn-default-border-all":"",
      "btn-default-radius":"",
      "btn-default-box-shadow":"",
      "btn-default-color":"",
      "btn-default-font-weight":"",
      "btn-default-font-style":"",
      "btn-default-text-transform":"",
      "btn-default-text-shadow":"",
      "btn-default-base-size":"12",
      "btn-default-letter-spacing":0,
      "btn-default-bg-hover":"",
      "btn-default-border-hover":"",
      "btn-default-color-hover":""
    },
    "primary-button":{  
      "btn-primary-bg":"",
      "btn-primary-border-all":"",
      "btn-primary-box-shadow":"",
      "btn-primary-color":"",
      "btn-primary-text-shadow":"",
      "btn-primary-bg-hover":"custom",
      "btn-primary-border-hover":"",
      "btn-primary-color-hover":""
    },
    "link":{  
      "link-color":"",
      "link-hover-color":"custom"
    }
  },
  "sections":{  
    "section_section-0":{  
      "container":{  
        "background-color":"",
        "background-image":"",
        "background-image-settings":"",
        "border":""
      },
      "heading":{  
        "custom":null,
        "headings-color":"",
        "headings-font-weight":"",
        "headings-text-transform":"",
        "headings-text-shadow":"",
        "headings-base-size":"",
        "headings-line-height":"",
        "headings-letter-spacing":""
      },
      "content":{  
        "custom":null,
        "color":"",
        "font-size-base":"",
        "line-height":""
      },
      "default-button":{  
        "custom":null,
        "btn-default-padding":"",
        "btn-default-bg":"",
        "btn-default-border-all":"",
        "btn-default-radius":"",
        "btn-default-box-shadow":"",
        "btn-default-color":"",
        "btn-default-font-weight":"",
        "btn-default-font-style":"",
        "btn-default-text-transform":"",
        "btn-default-text-shadow":"",
        "btn-default-base-size":"",
        "btn-default-letter-spacing":"",
        "btn-default-bg-hover":"",
        "btn-default-border-hover":"",
        "btn-default-color-hover":""
      },
      "primary-button":{  
        "custom":null,
        "btn-primary-bg":"",
        "btn-primary-border-all":"",
        "btn-primary-box-shadow":"",
        "btn-primary-color":"",
        "btn-primary-text-shadow":"",
        "btn-primary-bg-hover":"",
        "btn-primary-border-hover":"",
        "btn-primary-color-hover":""
      },
      "link":{  
        "custom":null,
        "link-color":"",
        "link-color-hover":""
      }
    },
    "section_section-1":{  
      "container":{  
        "background-color":"",
        "background-image":"",
        "background-image-settings":"",
        "border":""
      }
    }
  },
  "module":{  
    "module-style-1":{  
      "container":{  
        "padding":"",
        "background-color":"",
        "background-image":"",
        "background-image-settings":"",
        "border":""
      },
      "title":{  
        "bg-color":"",
        "text-color":"",
        "font-weight":"normal",
        "text-transform":"",
        "font-size":14,
        "text-icon-size":"",
        "text-icon-color":""
      },
      "content":{  
        "color":"",
        "font-size":""
      }
    },
    "module-style-2":{  
      "container":{  
        "padding":"",
        "background-color":"",
        "background-image":"",
        "background-image-settings":"",
        "border":""
      },
      "title":{  
        "bg-color":"",
        "text-color":"",
        "font-weight":"normal",
        "text-transform":"",
        "font-size":14,
        "text-icon-size":"",
        "text-icon-color":""
      },
      "content":{  
        "color":"",
        "font-size":""
      }
    },
    "module-style-3":{  
      "container":{  
        "padding":"",
        "background-color":"",
        "background-image":"",
        "background-image-settings":"",
        "border":""
      },
      "title":{  
        "bg-color":"",
        "text-color":"",
        "font-weight":"normal",
        "text-transform":"",
        "font-size":14,
        "text-icon-size":"",
        "text-icon-color":""
      },
      "content":{  
        "color":"",
        "font-size":""
      }
    },
    "module-style-4":{  
      "container":{  
        "padding":"",
        "background-color":"",
        "background-image":"",
        "background-image-settings":"",
        "border":""
      },
      "title":{  
        "bg-color":"",
        "text-color":"",
        "font-weight":"normal",
        "text-transform":"",
        "font-size":14,
        "text-icon-size":"",
        "text-icon-color":""
      },
      "content":{  
        "color":"",
        "font-size":""
      }
    }
  },
  "menu":{  
    "item_menu":{  
      "root":{  
        "font-size":14,
        "text-transform":"",
        "background-color":"",
        "color":"",
        "background-color-hover":"",
        "link-color-hover":""
      }
    }
  }
}