{"appliedStyle":"Red_Color","currentGroup":"sections","general":{"heading":{"headings-color":"#394a5c","headings-font-type":"google","headings-standard-font-family":"","headings-google-font-family":{"family":"Lato:300,regular,700","variant":"700"},"headings-font-weight":"","headings-font-style":"","headings-text-transform":"","headings-text-shadow":"","headings-base-size":"13","headings-line-height":1.4,"headings-letter-spacing":0,"headings-custom-font-file":""},"content":{"text-color":"#394a5c","content-font-type":"google","content-standard-font-family":"","content-google-font-family":{"family":"Lato:300,regular,700,900","variant":"normal"},"font-weight":"","font-size-base":"14","line-height-base":"1.5","color":"#000","content-custom-font-file":""},"color":{"main-color":"#F08C28","sub-color":"#fca752"},"primary-button":{"btn-primary-bg":"main","btn-primary-border-all":{"universal":"1","width":"","style":"none","color":"sub","top-width":"","top-style":"","top-color":"sub","right-width":"","right-style":"","right-color":"sub","bottom-width":"","bottom-style":"","bottom-color":"sub","left-width":"","left-style":"","left-color":"sub"},"btn-primary-box-shadow":"","btn-primary-color":"custom","btn-primary-text-shadow":"","btn-primary-bg-hover":"sub","btn-primary-border-hover":"","btn-primary-color-hover":"custom"},"link":{"link-color":"main","link-hover-color":"sub"},"page":{"outer-background-color":"custom","outer-background-image":"","outer-background-image-settings":""},"default-button":{"btn-default-padding":"","btn-default-bg":"#717f8e","btn-default-border-all":"","btn-default-radius":"","btn-default-box-shadow":"","btn-default-color":"#ffffff","btn-default-font-weight":"400","btn-default-font-style":"","btn-default-text-transform":"","btn-default-text-shadow":"","btn-default-base-size":"14","btn-default-letter-spacing":0,"btn-default-bg-hover":"#8596a9","btn-default-border-hover":"","btn-default-color-hover":"#ffffff"}},"sections":{"section_content-top":{"container":{"background-color":"custom","background-image":"","background-image-settings":"","border":""},"primary-button":{"btn-primary-bg":"main","btn-primary-border-all":{"universal":"1","width":"","style":"none","color":"sub","top-width":"","top-style":"","top-color":"sub","right-width":"","right-style":"","right-color":"sub","bottom-width":"","bottom-style":"","bottom-color":"sub","left-width":"","left-style":"","left-color":"sub"},"btn-primary-box-shadow":"","btn-primary-color":"custom","btn-primary-text-shadow":"","btn-primary-bg-hover":"#f76f64","btn-primary-border-hover":"","btn-primary-color-hover":"custom","custom":null}},"section_content-top-below":{"container":{"background-color":"custom","background-image":"","background-image-settings":"","border":""},"primary-button":{"btn-primary-bg":"main","btn-primary-border-all":{"universal":"1","width":"","style":"none","color":"sub","top-width":"","top-style":"","top-color":"sub","right-width":"","right-style":"","right-color":"sub","bottom-width":"","bottom-style":"","bottom-color":"sub","left-width":"","left-style":"","left-color":"sub"},"btn-primary-box-shadow":"","btn-primary-color":"custom","btn-primary-text-shadow":"","btn-primary-bg-hover":"sub","btn-primary-border-hover":"","btn-primary-color-hover":"custom","custom":"1"}},"section_content-top-full":{"container":{"background-color":"#ededed","background-image":"","background-image-settings":"","border":""},"primary-button":{"btn-primary-bg":"main","btn-primary-border-all":{"universal":"1","width":"","style":"none","color":"sub","top-width":"","top-style":"","top-color":"sub","right-width":"","right-style":"","right-color":"sub","bottom-width":"","bottom-style":"","bottom-color":"sub","left-width":"","left-style":"","left-color":"sub"},"btn-primary-box-shadow":"","btn-primary-color":"custom","btn-primary-text-shadow":"","btn-primary-bg-hover":"#f76f64","btn-primary-border-hover":"","btn-primary-color-hover":"custom","custom":null}},"section_content-bottom":{"container":{"background-color":"custom","background-image":"","background-image-settings":"","border":""},"primary-button":{"btn-primary-bg":"main","btn-primary-border-all":{"universal":"1","width":"","style":"none","color":"sub","top-width":"","top-style":"","top-color":"sub","right-width":"","right-style":"","right-color":"sub","bottom-width":"","bottom-style":"","bottom-color":"sub","left-width":"","left-style":"","left-color":"sub"},"btn-primary-box-shadow":"","btn-primary-color":"custom","btn-primary-text-shadow":"","btn-primary-bg-hover":"sub","btn-primary-border-hover":"","btn-primary-color-hover":"custom","custom":null}},"section_bottom":{"container":{"background-color":"main","background-image":"","background-image-settings":"","border":""}},"section_footer":{"container":{"background-color":"#202020","background-image":"","background-image-settings":"","border":""},"content":{"text-color":"#5b728a","content-font-type":"google","content-standard-font-family":"","content-google-font-family":{"family":"Lato:300,regular,700,900","variant":"normal"},"font-weight":"","font-size-base":"","line-height-base":"1.5","color":"#000","content-custom-font-file":"","custom":"1","line-height":""},"heading":{"custom":"1","headings-color":"#fff","headings-text-transform":"uppercase","headings-text-shadow":"","headings-base-size":"","headings-line-height":"","headings-letter-spacing":""},"link":{"link-color":"#5b728a","link-hover-color":"main","custom":"1","link-color-hover":"main"},"primary-button":{"btn-primary-bg":"main","btn-primary-border-all":{"universal":"1","width":"","style":"none","color":"sub","top-width":"","top-style":"","top-color":"sub","right-width":"","right-style":"","right-color":"sub","bottom-width":"","bottom-style":"","bottom-color":"sub","left-width":"","left-style":"","left-color":"sub"},"btn-primary-box-shadow":"","btn-primary-color":"custom","btn-primary-text-shadow":"","btn-primary-bg-hover":"sub","btn-primary-border-hover":"","btn-primary-color-hover":"custom","custom":null}},"section_copyright":{"container":{"background-color":"#202020","background-image":"","background-image-settings":"","border":""},"content":{"text-color":"#5b728a","content-font-type":"google","content-standard-font-family":"","content-google-font-family":{"family":"Lato:300,regular,700,900","variant":"normal"},"font-weight":"","font-size-base":"12","line-height-base":"1.5","color":"#000","content-custom-font-file":"","custom":"1","line-height":""},"link":{"custom":"1","link-color":"main","link-color-hover":"sub"},"heading":{"headings-color":"#ffffff","headings-font-type":"google","headings-standard-font-family":"","headings-google-font-family":{"family":"Lato:300,regular,700","variant":"700"},"headings-font-weight":"","headings-font-style":"","headings-text-transform":"","headings-text-shadow":"","headings-base-size":"11","headings-line-height":1.4,"headings-letter-spacing":0,"headings-custom-font-file":"","custom":"1"},"primary-button":{"btn-primary-bg":"main","btn-primary-border-all":{"universal":"1","width":"","style":"none","color":"sub","top-width":"","top-style":"","top-color":"sub","right-width":"","right-style":"","right-color":"sub","bottom-width":"","bottom-style":"","bottom-color":"sub","left-width":"","left-style":"","left-color":"sub"},"btn-primary-box-shadow":"","btn-primary-color":"custom","btn-primary-text-shadow":"","btn-primary-bg-hover":"sub","btn-primary-border-hover":"","btn-primary-color-hover":"custom","custom":null}},"section_content-bottom-over":{"container":{"background-color":"custom","background-image":"","background-image-settings":"","border":""},"content":{"text-color":"#353535","content-font-type":"google","content-standard-font-family":"","content-google-font-family":{"family":"Lato:300,regular,700,900","variant":"normal"},"font-weight":"","font-size-base":"14","line-height-base":"1.6","color":"#000","content-custom-font-file":"","custom":null,"line-height":""},"primary-button":{"btn-primary-bg":"main","btn-primary-border-all":{"universal":"1","width":"","style":"none","color":"sub","top-width":"","top-style":"","top-color":"sub","right-width":"","right-style":"","right-color":"sub","bottom-width":"","bottom-style":"","bottom-color":"sub","left-width":"","left-style":"","left-color":"sub"},"btn-primary-box-shadow":"","btn-primary-color":"custom","btn-primary-text-shadow":"","btn-primary-bg-hover":"#f76f64","btn-primary-border-hover":"","btn-primary-color-hover":"custom","custom":null}},"section_content-top-over":{"container":{"background-color":"#f0f2f5","background-image":"","background-image-settings":"","border":""},"primary-button":{"btn-primary-bg":"main","btn-primary-border-all":{"universal":"1","width":"","style":"none","color":"sub","top-width":"","top-style":"","top-color":"sub","right-width":"","right-style":"","right-color":"sub","bottom-width":"","bottom-style":"","bottom-color":"sub","left-width":"","left-style":"","left-color":"sub"},"btn-primary-box-shadow":"","btn-primary-color":"custom","btn-primary-text-shadow":"","btn-primary-bg-hover":"sub","btn-primary-border-hover":"","btn-primary-color-hover":"custom","custom":null}},"section_header":{"container":{"background-color":"main","background-image":"","background-image-settings":"","border":""},"primary-button":{"btn-primary-bg":"main","btn-primary-border-all":{"universal":"1","width":"","style":"none","color":"sub","top-width":"","top-style":"","top-color":"sub","right-width":"","right-style":"","right-color":"sub","bottom-width":"","bottom-style":"","bottom-color":"sub","left-width":"","left-style":"","left-color":"sub"},"btn-primary-box-shadow":"","btn-primary-color":"custom","btn-primary-text-shadow":"","btn-primary-bg-hover":"sub","btn-primary-border-hover":"","btn-primary-color-hover":"sub","custom":null}},"section_content-bottom-below":{"container":{"background-color":"custom","background-image":"images/Ready_to_purchase.jpg","background-image-settings":"","border":""},"primary-button":{"btn-primary-bg":"main","btn-primary-border-all":{"universal":"1","width":"","style":"none","color":"sub","top-width":"","top-style":"","top-color":"sub","right-width":"","right-style":"","right-color":"sub","bottom-width":"","bottom-style":"","bottom-color":"sub","left-width":"","left-style":"","left-color":"sub"},"btn-primary-box-shadow":"","btn-primary-color":"custom","btn-primary-text-shadow":"","btn-primary-bg-hover":"#f76f64","btn-primary-border-hover":"","btn-primary-color-hover":"custom","custom":null}},"section_topbar":{"container":{"background-color":"#000000","background-image":"","background-image-settings":"","border":""},"link":{"link-color":"#838382","link-hover-color":"main","custom":"1","link-color-hover":"sub"},"content":{"text-color":"#ffffff","content-font-type":"google","content-standard-font-family":"","content-google-font-family":{"family":"Lato:300,regular,700,900","variant":"normal"},"font-weight":"","font-size-base":"14","line-height-base":"1.5","color":"#000","content-custom-font-file":"","custom":"1","line-height":""},"heading":{"headings-color":"#ffffff","headings-font-type":"google","headings-standard-font-family":"","headings-google-font-family":{"family":"Lato:300,regular,700","variant":"700"},"headings-font-weight":"","headings-font-style":"","headings-text-transform":"","headings-text-shadow":"","headings-base-size":"11","headings-line-height":1.4,"headings-letter-spacing":0,"headings-custom-font-file":"","custom":"1"},"primary-button":{"btn-primary-bg":"main","btn-primary-border-all":{"universal":"1","width":"","style":"none","color":"sub","top-width":"","top-style":"","top-color":"sub","right-width":"","right-style":"","right-color":"sub","bottom-width":"","bottom-style":"","bottom-color":"sub","left-width":"","left-style":"","left-color":"sub"},"btn-primary-box-shadow":"","btn-primary-color":"custom","btn-primary-text-shadow":"","btn-primary-bg-hover":"sub","btn-primary-border-hover":"","btn-primary-color-hover":"custom","custom":null}},"section_promo-full":{"primary-button":{"btn-primary-bg":"main","btn-primary-border-all":{"universal":"1","width":"","style":"none","color":"sub","top-width":"","top-style":"","top-color":"sub","right-width":"","right-style":"","right-color":"sub","bottom-width":"","bottom-style":"","bottom-color":"sub","left-width":"","left-style":"","left-color":"sub"},"btn-primary-box-shadow":"","btn-primary-color":"custom","btn-primary-text-shadow":"","btn-primary-bg-hover":"#f76f64","btn-primary-border-hover":"","btn-primary-color-hover":"custom","custom":null}},"section_promo":{"primary-button":{"btn-primary-bg":"main","btn-primary-border-all":{"universal":"1","width":"","style":"none","color":"sub","top-width":"","top-style":"","top-color":"sub","right-width":"","right-style":"","right-color":"sub","bottom-width":"","bottom-style":"","bottom-color":"sub","left-width":"","left-style":"","left-color":"sub"},"btn-primary-box-shadow":"","btn-primary-color":"custom","btn-primary-text-shadow":"","btn-primary-bg-hover":"#f76f64","btn-primary-border-hover":"","btn-primary-color-hover":"custom","custom":null}},"section_content":{"primary-button":{"btn-primary-bg":"main","btn-primary-border-all":{"universal":"1","width":"","style":"none","color":"sub","top-width":"","top-style":"","top-color":"sub","right-width":"","right-style":"","right-color":"sub","bottom-width":"","bottom-style":"","bottom-color":"sub","left-width":"","left-style":"","left-color":"sub"},"btn-primary-box-shadow":"","btn-primary-color":"custom","btn-primary-text-shadow":"","btn-primary-bg-hover":"#f76f64","btn-primary-border-hover":"","btn-primary-color-hover":"custom","custom":null}},"section_footer-newsletter-":{"container":{"background-color":"#313131","background-image":"","background-image-settings":"","border":""},"heading":{"headings-color":"#ffffff","headings-font-type":"google","headings-standard-font-family":"","headings-google-font-family":{"family":"Lato:300,regular,700","variant":"700"},"headings-font-weight":"","headings-font-style":"","headings-text-transform":"","headings-text-shadow":"","headings-base-size":"11","headings-line-height":1.4,"headings-letter-spacing":0,"headings-custom-font-file":"","custom":"1"}}},"module":{"module-style-1":{"container":{"padding":"","background-color":"custom","background-image":"","background-image-settings":"","border":""},"title":{"bg-color":"#f9f9f9","text-color":"#394a5c","text-transform":"capitalize","font-size":"18","text-icon-size":"","text-icon-color":"#fff","font-weight":"bold"},"content":{"color":"#394a5c","font-size":""},"link":{"link-color":"sub","link-hover-color":"sub"}},"module-style-2":{"title":{"bg-color":"main","text-color":"#ffffff","text-transform":"capitalize","font-size":"18","text-icon-size":"","text-icon-color":"main","font-weight":"bold"},"container":{"padding":"","background-color":"custom","background-image":"","background-image-settings":"","border":""},"content":{"color":"#394a5c","font-size":""}},"module-style-3":{"title":{"bg-color":"#e5e5e5","text-color":"#394a5c","text-transform":"capitalize","font-size":"18","text-icon-size":"","text-icon-color":"sub","font-weight":"bold"},"content":{"color":"#394a5c","font-size":""},"container":{"padding":"","background-color":"custom","background-image":"","background-image-settings":"","border":""}},"module-style-4":{"title":{"bg-color":"#394a5c","text-color":"#fff","text-transform":"capitalize","font-size":"18","text-icon-size":"","text-icon-color":"sub","font-weight":"bold"},"container":{"padding":"","background-color":"custom","background-image":"","background-image-settings":"","border":""},"content":{"color":"#394a5c","font-size":""}}},"menu":{"item_menu":{"root":{"font-size":"14","text-transform":"","background-color":"main","color":"#fff","background-color-hover":"sub","link-color-hover":"#ffffff","font-type":"standard","standard-font-family":"","google-font-family":"","custom-font-file":""},"dropdown":{"font-size":"14","text-transform":"","width-dropdown":"","background-color":"#fff","color":"#394a5c","background-color-hover":"","link-color-hover":"main"}},"item_top-menu":{"root":{"font-size":"13","text-transform":"","background-color":"custom","color":"#ffffff","background-color-hover":"custom","link-color-hover":"main","font-type":"standard","standard-font-family":"","google-font-family":"","custom-font-file":""}}},"group":"menu","editing":"item_top-menu::root"}