{
	"class":"row-settings",
	"title":"row-settings",
	"rows":[
		{
			"cols":[
				{
					"class":"col-12",
					"controls":{
						"margin":{
							"type":"spacing-settings",
							"hint":"layout-row-margin-hint",
							"label":"margin"
						}
					}
				},
				{
					"class":"col-12",
					"controls":{
						"padding":{
							"type":"spacing-settings",
							"hint":"layout-row-padding-hint",
							"label":"padding"
						}
					}
				}
			]
		},
		{
			"class":"separator-before",
			"cols":[
				{
					"class":"col-12",
					"controls":{
						"class":{
							"type":"text",
							"hint":"layout-row-custom-classes-hint",
							"label":"custom-classes"
						}
					}
				}
			]
		}
	],
	"hidden-in-panel":true
}
